<application>
  <component name="AppStorage">
    <option name="newTranslationDialogX" value="484" />
    <option name="newTranslationDialogY" value="332" />
    <histories>
      <item value="for komunikasi antar business logic &amp; resource" />
      <item value="kumpulan parent class" />
      <item value="sangat cocok digunakan untuk MVVM pattern" />
      <item value="sangat support jika digabungkan dengan MVVM pattern" />
      <item value="referensi dalam penulisan kode dapat dilihat disini:" />
      <item value="module ini dianut dan menggunakan prinsipal SOLID" />
      <item value="first Word" />
      <item value="koleksi kotlin extension untuk scope activity" />
      <item value="jika class tersebut telah tersedia di unit testing" />
    </histories>
    <option name="languageScores">
      <map>
        <entry key="ENGLISH" value="1" />
        <entry key="MALAY" value="1" />
        <entry key="INDONESIAN" value="1" />
      </map>
    </option>
  </component>
  <component name="Cache">
    <option name="lastTrimTime" value="1608161885875" />
  </component>
</application>